Program Name,CIP Code,Embed Code,Widget ID,Career Services Link - status,screenshot
Master of Accountancy,52.0301,"<!-- Accountancy -->
  <iframe onload=""initializeScripts('program-widget-e32c49', 'https://widget.lightcastcc.com')"" id=""program-widget-e32c49"" title=""uagc widget"" style=""border: 0; min-width: 100%; width: 1px"" src=""https://widget.lightcastcc.com?hasCareerList=true&hasEmployment=false&hasAllLocations=true&hasImages=false&hasJobOpenings=true&hasNationalData=false&hasOutlook=true&hasSkills=true&hasVisitButton=false&hasWages=true&isHourlyWage=false&labelSet=default&clientId=uagc&locationName=National&orderCareersBy=None&primaryColor=%23ab0520&programs=uagc054&visitButtonColor=%23FFAC23&headingText=Students%20who%20complete%20the%20UAGC%20%23Accountancy%23%20program%20may%20pursue%20the%20following%20careers%3A""></iframe><script type=""text/javascript"" src=""https://widget.lightcastcc.com/scripts.js""></script>",,x,
BA in Child Development,19.0706,"<!-- Child Development -->
  <iframe onload=""initializeScripts('program-widget-43a9a7', 'https://widget.lightcastcc.com')"" id=""program-widget-43a9a7"" title=""uagc widget"" style=""border: 0; min-width: 100%; width: 1px"" src=""https://widget.lightcastcc.com?hasCareerList=true&hasEmployment=false&hasAllLocations=true&hasImages=false&hasJobOpenings=true&hasNationalData=false&hasOutlook=true&hasSkills=true&hasVisitButton=false&hasWages=true&isHourlyWage=false&labelSet=default&clientId=uagc&locationName=National&orderCareersBy=None&primaryColor=%23ab0520&programs=uagc055&visitButtonColor=%23FFAC23&headingText=Students%20who%20complete%20the%20UAGC%20%23BA%20in%20Child%20Development%23%20program%20may%20pursue%20the%20following%20careers.""></iframe><script type=""text/javascript"" src=""https://widget.lightcastcc.com/scripts.js""></script>",,,
BA in Marketing,52.1499,"<!-- Marketing -->
  <iframe onload=""initializeScripts('program-widget-a1a6c2', 'https://widget.lightcastcc.com')"" id=""program-widget-a1a6c2"" title=""uagc widget"" style=""border: 0; min-width: 100%; width: 1px"" src=""https://widget.lightcastcc.com?hasCareerList=true&hasEmployment=false&hasAllLocations=true&hasImages=false&hasJobOpenings=true&hasNationalData=false&hasOutlook=true&hasSkills=true&hasVisitButton=false&hasWages=true&isHourlyWage=false&labelSet=default&clientId=uagc&locationName=National&orderCareersBy=None&primaryColor=%23ab0520&programs=uagc056&visitButtonColor=%23FFAC23&headingText=Students%20who%20complete%20the%20UAGC%20%23BA%20in%20Marketing%23%20program%20may%20pursue%20the%20following%20careers.""></iframe><script type=""text/javascript"" src=""https://widget.lightcastcc.com/scripts.js""></script>",,,
BA in Operations Management and Analysis,52.0205,"<!-- Operations Management and Analysis -->
  <iframe onload=""initializeScripts('program-widget-9ab5d0', 'https://widget.lightcastcc.com')"" id=""program-widget-9ab5d0"" title=""uagc widget"" style=""border: 0; min-width: 100%; width: 1px"" src=""https://widget.lightcastcc.com?hasCareerList=true&hasEmployment=false&hasAllLocations=true&hasImages=false&hasJobOpenings=true&hasNationalData=false&hasOutlook=true&hasSkills=true&hasVisitButton=false&hasWages=true&isHourlyWage=false&labelSet=default&clientId=uagc&locationName=National&orderCareersBy=None&primaryColor=%23ab0520&programs=uagc057&visitButtonColor=%23FFAC23&headingText=Students%20who%20complete%20the%20UAGC%20%23BA%20in%20Operations%20Management%20and%20Analysis%23%20program%20may%20pursue%20the%20following%20careers.""></iframe><script type=""text/javascript"" src=""https://widget.lightcastcc.com/scripts.js""></script>",,,
BS in Computer Software Technology,14.0903,"<!-- Computer Software Technology -->
  <iframe onload=""initializeScripts('program-widget-18f62f', 'https://widget.lightcastcc.com')"" id=""program-widget-18f62f"" title=""uagc widget"" style=""border: 0; min-width: 100%; width: 1px"" src=""https://widget.lightcastcc.com?hasCareerList=true&hasEmployment=false&hasAllLocations=true&hasImages=false&hasJobOpenings=true&hasNationalData=false&hasOutlook=true&hasSkills=true&hasVisitButton=false&hasWages=true&isHourlyWage=false&labelSet=default&clientId=uagc&locationName=National&orderCareersBy=None&primaryColor=%23ab0520&programs=uagc058&visitButtonColor=%23FFAC23&headingText=Students%20who%20complete%20the%20UAGC%20%23BS%20in%20Computer%20Software%20Technology%23%20program%20may%20pursue%20the%20following%20careers.""></iframe><script type=""text/javascript"" src=""https://widget.lightcastcc.com/scripts.js""></script>",,,
Doctor of Philosophy in Education,13.0401,"<!-- Philosophy in Education -->
  <iframe onload=""initializeScripts('program-widget-d85acf', 'https://widget.lightcastcc.com')"" id=""program-widget-d85acf"" title=""uagc widget"" style=""border: 0; min-width: 100%; width: 1px"" src=""https://widget.lightcastcc.com?hasCareerList=true&hasEmployment=false&hasAllLocations=true&hasImages=false&hasJobOpenings=true&hasNationalData=false&hasOutlook=true&hasSkills=true&hasVisitButton=false&hasWages=true&isHourlyWage=false&labelSet=default&clientId=uagc&locationName=National&orderCareersBy=None&primaryColor=%23ab0520&programs=uagc059&visitButtonColor=%23FFAC23&headingText=Students%20who%20complete%20the%20UAGC%20%23Doctor%20of%20Philosophy%20in%20Education%23%20program%20may%20pursue%20the%20following%20careers.""></iframe><script type=""text/javascript"" src=""https://widget.lightcastcc.com/scripts.js""></script>",,,
Doctor of Philosophy in Organizational Development and Leadership,52.0213,"<!-- Philosophy in Organizational Development and Leadership -->
  <iframe onload=""initializeScripts('program-widget-82ad76', 'https://widget.lightcastcc.com')"" id=""program-widget-82ad76"" title=""uagc widget"" style=""border: 0; min-width: 100%; width: 1px"" src=""https://widget.lightcastcc.com?hasCareerList=true&hasEmployment=false&hasAllLocations=true&hasImages=false&hasJobOpenings=true&hasNationalData=false&hasOutlook=true&hasSkills=true&hasVisitButton=false&hasWages=true&isHourlyWage=false&labelSet=default&clientId=uagc&locationName=National&orderCareersBy=None&primaryColor=%23ab0520&programs=uagc060&visitButtonColor=%23FFAC23&headingText=Students%20who%20complete%20the%20UAGC%20%23Doctor%20of%20Philosophy%20in%20Organizational%20Development%20and%20Leadership%23%20program%20may%20pursue%20the%20following%20careers.""></iframe><script type=""text/javascript"" src=""https://widget.lightcastcc.com/scripts.js""></script>",,,
Master of Arts in Human Services,44,"<!-- Human Services -->
  <iframe onload=""initializeScripts('program-widget-4d8921', 'https://widget.lightcastcc.com')"" id=""program-widget-4d8921"" title=""uagc widget"" style=""border: 0; min-width: 100%; width: 1px"" src=""https://widget.lightcastcc.com?hasCareerList=true&hasEmployment=false&hasAllLocations=true&hasImages=false&hasJobOpenings=true&hasNationalData=false&hasOutlook=true&hasSkills=true&hasVisitButton=false&hasWages=true&isHourlyWage=false&labelSet=default&clientId=uagc&locationName=National&orderCareersBy=None&primaryColor=%23ab0520&programs=uagc048&visitButtonColor=%23FFAC23&headingText=Students%20who%20complete%20the%20UAGC%20%23Master%20of%20Arts%20in%20Human%20Services%23%20program%20may%20pursue%20the%20following%20careers.""></iframe><script type=""text/javascript"" src=""https://widget.lightcastcc.com/scripts.js""></script>",,,
Master of Arts in Psychology,42.0101,"<!-- Psychology -->
  <iframe onload=""initializeScripts('program-widget-51f930', 'https://widget.lightcastcc.com')"" id=""program-widget-51f930"" title=""uagc widget"" style=""border: 0; min-width: 100%; width: 1px"" src=""https://widget.lightcastcc.com?hasCareerList=true&hasEmployment=false&hasAllLocations=true&hasImages=false&hasJobOpenings=true&hasNationalData=false&hasOutlook=true&hasSkills=true&hasVisitButton=false&hasWages=true&isHourlyWage=false&labelSet=default&clientId=uagc&locationName=National&orderCareersBy=None&primaryColor=%23ab0520&programs=uagc047&visitButtonColor=%23FFAC23&headingText=Students%20who%20complete%20the%20UAGC%20%23Master%20of%20Arts%20in%20Psychology%23%20program%20may%20pursue%20the%20following%20careers.""></iframe><script type=""text/javascript"" src=""https://widget.lightcastcc.com/scripts.js""></script>",,,
Master of Science in Criminal Justice,0,"<!-- Science in Criminal Justice -->
  <iframe onload=""initializeScripts('program-widget-28071c', 'https://widget.lightcastcc.com')"" id=""program-widget-28071c"" title=""uagc widget"" style=""border: 0; min-width: 100%; width: 1px"" src=""https://widget.lightcastcc.com?hasCareerList=true&hasEmployment=false&hasAllLocations=true&hasImages=false&hasJobOpenings=true&hasNationalData=false&hasOutlook=true&hasSkills=true&hasVisitButton=false&hasWages=true&isHourlyWage=false&labelSet=default&clientId=uagc&locationName=National&orderCareersBy=None&primaryColor=%23ab0520&programs=uagc063&visitButtonColor=%23FFAC23&headingText=Students%20who%20complete%20the%20UAGC%20%23Master%20of%20Science%20in%20Criminal%20Justice%23%20program%20may%20pursue%20the%20following%20careers.""></iframe><script type=""text/javascript"" src=""https://widget.lightcastcc.com/scripts.js""></script>",,,
BA in Homeland Security and Emergency Management,43.0103,"<!-- Homeland Security and Emergency Management -->
  <iframe onload=""initializeScripts('program-widget-12ac19', 'https://widget.lightcastcc.com')"" id=""program-widget-12ac19"" title=""uagc widget"" style=""border: 0; min-width: 100%; width: 1px"" src=""https://widget.lightcastcc.com?hasCareerList=true&hasEmployment=false&hasAllLocations=true&hasImages=false&hasJobOpenings=true&hasNationalData=false&hasOutlook=true&hasSkills=true&hasVisitButton=false&hasWages=true&isHourlyWage=false&labelSet=default&clientId=uagc&locationName=National&orderCareersBy=None&primaryColor=%23ab0520&programs=uagc064&visitButtonColor=%23FFAC23&headingText=Students%20who%20complete%20the%20UAGC%20%23BA%20in%20Homeland%20Security%20and%20Emergency%20Management%23%20program%20may%20pursue%20the%20following%20careers.""></iframe><script type=""text/javascript"" src=""https://widget.lightcastcc.com/scripts.js""></script>",,,
BA in Early Childhood Development with Differentiated Instruction,13.1015,"<!-- Early Childhood Development with Differentiated Instruction -->
  <iframe onload=""initializeScripts('program-widget-8bd0ef', 'https://widget.lightcastcc.com')"" id=""program-widget-8bd0ef"" title=""uagc widget"" style=""border: 0; min-width: 100%; width: 1px"" src=""https://widget.lightcastcc.com?hasCareerList=true&hasEmployment=false&hasAllLocations=true&hasImages=false&hasJobOpenings=true&hasNationalData=false&hasOutlook=true&hasSkills=true&hasVisitButton=false&hasWages=true&isHourlyWage=false&labelSet=default&clientId=uagc&locationName=National&orderCareersBy=None&primaryColor=%23ab0520&programs=uagc065&visitButtonColor=%23FFAC23&headingText=Students%20who%20complete%20the%20UAGC%20%23BA%20in%20Early%20Childhood%20Development%20with%20Differentiated%20Instruction%23%20program%20may%20pursue%20the%20following%20careers.""></iframe><script type=""text/javascript"" src=""https://widget.lightcastcc.com/scripts.js""></script>",,,
BA in Early Childhood Education,13.121,"<!-- Early Childhood Education -->
  <iframe onload=""initializeScripts('program-widget-2fbf56', 'https://widget.lightcastcc.com')"" id=""program-widget-2fbf56"" title=""uagc widget"" style=""border: 0; min-width: 100%; width: 1px"" src=""https://widget.lightcastcc.com?hasCareerList=true&hasEmployment=false&hasAllLocations=true&hasImages=false&hasJobOpenings=true&hasNationalData=false&hasOutlook=true&hasSkills=true&hasVisitButton=false&hasWages=true&isHourlyWage=false&labelSet=default&clientId=uagc&locationName=National&orderCareersBy=None&primaryColor=%23ab0520&programs=uagc066&visitButtonColor=%23FFAC23&headingText=Students%20who%20complete%20the%20UAGC%20%23BA%20in%20Early%20Childhood%20Education%23%20program%20may%20pursue%20the%20following%20careers.""></iframe><script type=""text/javascript"" src=""https://widget.lightcastcc.com/scripts.js""></script>",,,
BA in Early Childhood Education Administration,13.121,"<!-- Early Childhood Education Administration -->
  <iframe onload=""initializeScripts('program-widget-3f7785', 'https://widget.lightcastcc.com')"" id=""program-widget-3f7785"" title=""uagc widget"" style=""border: 0; min-width: 100%; width: 1px"" src=""https://widget.lightcastcc.com?hasCareerList=true&hasEmployment=false&hasAllLocations=true&hasImages=false&hasJobOpenings=true&hasNationalData=false&hasOutlook=true&hasSkills=true&hasVisitButton=false&hasWages=true&isHourlyWage=false&labelSet=default&clientId=uagc&locationName=National&orderCareersBy=None&primaryColor=%23ab0520&programs=uagc067&visitButtonColor=%23FFAC23&headingText=Students%20who%20complete%20the%20UAGC%20%23BA%20in%20Early%20Childhood%20Education%20Administration%23%20program%20may%20pursue%20the%20following%20careers.""></iframe><script type=""text/javascript"" src=""https://widget.lightcastcc.com/scripts.js""></script>",,,
BA in Education Studies,13.0101,"<!-- Education Studies -->
  <iframe onload=""initializeScripts('program-widget-97f3fb', 'https://widget.lightcastcc.com')"" id=""program-widget-97f3fb"" title=""uagc widget"" style=""border: 0; min-width: 100%; width: 1px"" src=""https://widget.lightcastcc.com?hasCareerList=true&hasEmployment=false&hasAllLocations=true&hasImages=false&hasJobOpenings=true&hasNationalData=false&hasOutlook=true&hasSkills=true&hasVisitButton=false&hasWages=true&isHourlyWage=false&labelSet=default&clientId=uagc&locationName=National&orderCareersBy=None&primaryColor=%23ab0520&programs=uagc068&visitButtonColor=%23FFAC23&headingText=Students%20who%20complete%20the%20UAGC%20%23BA%20in%20Education%20Studies%23%20program%20may%20pursue%20the%20following%20careers.""></iframe><script type=""text/javascript"" src=""https://widget.lightcastcc.com/scripts.js""></script>",,,
BA in Business Leadership,52.0213,"<!-- Business Leadership -->
  <iframe onload=""initializeScripts('program-widget-d8cae0', 'https://widget.lightcastcc.com')"" id=""program-widget-d8cae0"" title=""uagc widget"" style=""border: 0; min-width: 100%; width: 1px"" src=""https://widget.lightcastcc.com?hasCareerList=true&hasEmployment=false&hasAllLocations=true&hasImages=false&hasJobOpenings=true&hasNationalData=false&hasOutlook=true&hasSkills=true&hasVisitButton=false&hasWages=true&isHourlyWage=false&labelSet=default&clientId=uagc&locationName=National&orderCareersBy=None&primaryColor=%23ab0520&programs=uagc069&visitButtonColor=%23FFAC23&headingText=Students%20who%20complete%20the%20UAGC%20%23BA%20in%20Business%20Leadership%23%20program%20may%20pursue%20the%20following%20careers.""></iframe><script type=""text/javascript"" src=""https://widget.lightcastcc.com/scripts.js""></script>",,,
BA in Liberal Arts,24.0101,"<!-- Liberal Arts -->
  <iframe onload=""initializeScripts('program-widget-d3a186', 'https://widget.lightcastcc.com')"" id=""program-widget-d3a186"" title=""uagc widget"" style=""border: 0; min-width: 100%; width: 1px"" src=""https://widget.lightcastcc.com?hasCareerList=true&hasEmployment=false&hasAllLocations=true&hasImages=false&hasJobOpenings=true&hasNationalData=false&hasOutlook=true&hasSkills=true&hasVisitButton=false&hasWages=true&isHourlyWage=false&labelSet=default&clientId=uagc&locationName=National&orderCareersBy=None&primaryColor=%23ab0520&programs=uagc070&visitButtonColor=%23FFAC23&headingText=Students%20who%20complete%20the%20UAGC%20%23BA%20in%20Liberal%20Arts%23%20program%20may%20pursue%20the%20following%20careers.""></iframe><script type=""text/javascript"" src=""https://widget.lightcastcc.com/scripts.js""></script>",,,
AA in Early Childhood Education,13.121,"<!-- Early Childhood Education -->
  <iframe onload=""initializeScripts('program-widget-c593f8', 'https://widget.lightcastcc.com')"" id=""program-widget-c593f8"" title=""uagc widget"" style=""border: 0; min-width: 100%; width: 1px"" src=""https://widget.lightcastcc.com?hasCareerList=true&hasEmployment=false&hasAllLocations=true&hasImages=false&hasJobOpenings=true&hasNationalData=false&hasOutlook=true&hasSkills=true&hasVisitButton=false&hasWages=true&isHourlyWage=false&labelSet=default&clientId=uagc&locationName=National&orderCareersBy=None&primaryColor=%23ab0520&programs=uagc071&visitButtonColor=%23FFAC23&headingText=Students%20who%20complete%20the%20UAGC%20%23AA%20in%20Early%20Childhood%20Education%23%20program%20may%20pursue%20the%20following%20careers.""></iframe><script type=""text/javascript"" src=""https://widget.lightcastcc.com/scripts.js""></script>",,,
BA in Health and Human Services,51.1599,"<!-- Health and Human Services -->
  <iframe onload=""initializeScripts('program-widget-245816', 'https://widget.lightcastcc.com')"" id=""program-widget-245816"" title=""uagc widget"" style=""border: 0; min-width: 100%; width: 1px"" src=""https://widget.lightcastcc.com?hasCareerList=true&hasEmployment=false&hasAllLocations=true&hasImages=false&hasJobOpenings=true&hasNationalData=false&hasOutlook=true&hasSkills=true&hasVisitButton=false&hasWages=true&isHourlyWage=false&labelSet=default&clientId=uagc&locationName=National&orderCareersBy=None&primaryColor=%23ab0520&programs=uagc072&visitButtonColor=%23FFAC23&headingText=Students%20who%20complete%20the%20UAGC%20%23BA%20in%20Health%20and%20Human%20Services%23%20program%20may%20pursue%20the%20following%20careers.""></iframe><script type=""text/javascript"" src=""https://widget.lightcastcc.com/scripts.js""></script>",,,
Master of Arts in Education,13.0101,"<!-- Education -->
  <iframe onload=""initializeScripts('program-widget-474321', 'https://widget.lightcastcc.com')"" id=""program-widget-474321"" title=""uagc widget"" style=""border: 0; min-width: 100%; width: 1px"" src=""https://widget.lightcastcc.com?hasCareerList=true&hasEmployment=false&hasAllLocations=true&hasImages=false&hasJobOpenings=true&hasNationalData=false&hasOutlook=true&hasSkills=true&hasVisitButton=false&hasWages=true&isHourlyWage=false&labelSet=default&clientId=uagc&locationName=National&orderCareersBy=None&primaryColor=%23ab0520&programs=uagc024&visitButtonColor=%23FFAC23&headingText=Students%20who%20complete%20the%20UAGC%20%23Master%20of%20Arts%20in%20Education%23%20program%20may%20pursue%20the%20following%20careers.""></iframe><script type=""text/javascript"" src=""https://widget.lightcastcc.com/scripts.js""></script>",,,
Master of Arts in Early Childhood Education Leadership,13.0401,"<!-- Early Childhood Education Leadership -->
  <iframe onload=""initializeScripts('program-widget-6db415', 'https://widget.lightcastcc.com')"" id=""program-widget-6db415"" title=""uagc widget"" style=""border: 0; min-width: 100%; width: 1px"" src=""https://widget.lightcastcc.com?hasCareerList=true&hasEmployment=false&hasAllLocations=true&hasImages=false&hasJobOpenings=true&hasNationalData=false&hasOutlook=true&hasSkills=true&hasVisitButton=false&hasWages=true&isHourlyWage=false&labelSet=default&clientId=uagc&locationName=National&orderCareersBy=None&primaryColor=%23ab0520&programs=uagc025&visitButtonColor=%23FFAC23&headingText=Students%20who%20complete%20the%20UAGC%20%23Master%20of%20Arts%20in%20Early%20Childhood%20Education%20Leadership%23%20program%20may%20pursue%20the%20following%20careers.""></iframe><script type=""text/javascript"" src=""https://widget.lightcastcc.com/scripts.js""></script>",,,
BA in Organizational Management,52.0299,"<!-- Organizational Management -->
  <iframe onload=""initializeScripts('program-widget-5da5df', 'https://widget.lightcastcc.com')"" id=""program-widget-5da5df"" title=""uagc widget"" style=""border: 0; min-width: 100%; width: 1px"" src=""https://widget.lightcastcc.com?hasCareerList=true&hasEmployment=false&hasAllLocations=true&hasImages=false&hasJobOpenings=true&hasNationalData=false&hasOutlook=true&hasSkills=true&hasVisitButton=false&hasWages=true&isHourlyWage=false&labelSet=default&clientId=uagc&locationName=National&orderCareersBy=None&primaryColor=%23ab0520&programs=uagc075&visitButtonColor=%23FFAC23&headingText=Students%20who%20complete%20the%20UAGC%20%23BA%20in%20Organizational%20Management%23%20program%20may%20pursue%20the%20following%20careers.""></iframe><script type=""text/javascript"" src=""https://widget.lightcastcc.com/scripts.js""></script>",,,
Master of Arts in Organizational Management,52.0299,"<!-- Organizational Management -->
  <iframe onload=""initializeScripts('program-widget-b36df5', 'https://widget.lightcastcc.com')"" id=""program-widget-b36df5"" title=""uagc widget"" style=""border: 0; min-width: 100%; width: 1px"" src=""https://widget.lightcastcc.com?hasCareerList=true&hasEmployment=false&hasAllLocations=true&hasImages=false&hasJobOpenings=true&hasNationalData=false&hasOutlook=true&hasSkills=true&hasVisitButton=false&hasWages=true&isHourlyWage=false&labelSet=default&clientId=uagc&locationName=National&orderCareersBy=None&primaryColor=%23ab0520&programs=uagc005&visitButtonColor=%23FFAC23&headingText=Students%20who%20complete%20the%20UAGC%20%23Master%20of%20Arts%20in%20Organizational%20Management%23%20program%20may%20pursue%20the%20following%20careers.""></iframe><script type=""text/javascript"" src=""https://widget.lightcastcc.com/scripts.js""></script>",,,
Doctor of Psychology,52.1003,"<!-- Psychology -->
  <iframe onload=""initializeScripts('program-widget-1b6be5', 'https://widget.lightcastcc.com')"" id=""program-widget-1b6be5"" title=""uagc widget"" style=""border: 0; min-width: 100%; width: 1px"" src=""https://widget.lightcastcc.com?hasCareerList=true&hasEmployment=false&hasAllLocations=true&hasImages=false&hasJobOpenings=true&hasNationalData=false&hasOutlook=true&hasSkills=true&hasVisitButton=false&hasWages=true&isHourlyWage=false&labelSet=default&clientId=uagc&locationName=National&orderCareersBy=None&primaryColor=%23ab0520&programs=uagc077&visitButtonColor=%23FFAC23&headingText=Students%20who%20complete%20the%20UAGC%20%23Doctor%20of%20Psychology%23%20program%20may%20pursue%20the%20following%20careers.""></iframe><script type=""text/javascript"" src=""https://widget.lightcastcc.com/scripts.js""></script>",,,
BA in Sociology,45.1101,"<!-- Sociology -->
  <iframe onload=""initializeScripts('program-widget-a2ab1e', 'https://widget.lightcastcc.com')"" id=""program-widget-a2ab1e"" title=""uagc widget"" style=""border: 0; min-width: 100%; width: 1px"" src=""https://widget.lightcastcc.com?hasCareerList=true&hasEmployment=false&hasAllLocations=true&hasImages=false&hasJobOpenings=true&hasNationalData=false&hasOutlook=true&hasSkills=true&hasVisitButton=false&hasWages=true&isHourlyWage=false&labelSet=default&clientId=uagc&locationName=National&orderCareersBy=None&primaryColor=%23ab0520&programs=uagc078&visitButtonColor=%23FFAC23&headingText=Students%20who%20complete%20the%20UAGC%20%23BA%20in%20Sociology%23%20program%20may%20pursue%20the%20following%20careers.""></iframe><script type=""text/javascript"" src=""https://widget.lightcastcc.com/scripts.js""></script>",,,
BA in Psychology ,42.0101,"<!-- Psychology -->
  <iframe onload=""initializeScripts('program-widget-7e32d6', 'https://widget.lightcastcc.com')"" id=""program-widget-7e32d6"" title=""uagc widget"" style=""border: 0; min-width: 100%; width: 1px"" src=""https://widget.lightcastcc.com?hasCareerList=true&hasEmployment=false&hasAllLocations=true&hasImages=false&hasJobOpenings=true&hasNationalData=false&hasOutlook=true&hasSkills=true&hasVisitButton=false&hasWages=true&isHourlyWage=false&labelSet=default&clientId=uagc&locationName=National&orderCareersBy=None&primaryColor=%23ab0520&programs=uagc079&visitButtonColor=%23FFAC23&headingText=Students%20who%20complete%20the%20UAGC%20%23BA%20in%20Psychology%23%20program%20may%20pursue%20the%20following%20careers.""></iframe><script type=""text/javascript"" src=""https://widget.lightcastcc.com/scripts.js""></script>",,,
Master of Arts in Special Education,13.1001,"<!-- Special Education -->
  <iframe onload=""initializeScripts('program-widget-c520a8', 'https://widget.lightcastcc.com')"" id=""program-widget-c520a8"" title=""uagc widget"" style=""border: 0; min-width: 100%; width: 1px"" src=""https://widget.lightcastcc.com?hasCareerList=true&hasEmployment=false&hasAllLocations=true&hasImages=false&hasJobOpenings=true&hasNationalData=false&hasOutlook=true&hasSkills=true&hasVisitButton=false&hasWages=true&isHourlyWage=false&labelSet=default&clientId=uagc&locationName=National&orderCareersBy=None&primaryColor=%23ab0520&programs=uagc023&visitButtonColor=%23FFAC23&headingText=Students%20who%20complete%20the%20UAGC%20%23Master%20of%20Arts%20in%20Special%20Education%23%20program%20may%20pursue%20the%20following%20careers.""></iframe><script type=""text/javascript"" src=""https://widget.lightcastcc.com/scripts.js""></script>",,,
Doctor of Philosophy in Human Services,44,"<!-- Philosophy in Human Services -->
  <iframe onload=""initializeScripts('program-widget-2cf516', 'https://widget.lightcastcc.com')"" id=""program-widget-2cf516"" title=""uagc widget"" style=""border: 0; min-width: 100%; width: 1px"" src=""https://widget.lightcastcc.com?hasCareerList=true&hasEmployment=false&hasAllLocations=true&hasImages=false&hasJobOpenings=true&hasNationalData=false&hasOutlook=true&hasSkills=true&hasVisitButton=false&hasWages=true&isHourlyWage=false&labelSet=default&clientId=uagc&locationName=National&orderCareersBy=None&primaryColor=%23ab0520&programs=uagc081&visitButtonColor=%23FFAC23&headingText=Students%20who%20complete%20the%20UAGC%20%23Doctor%20of%20Philosophy%20in%20Human%20Services%23%20program%20may%20pursue%20the%20following%20careers.""></iframe><script type=""text/javascript"" src=""https://widget.lightcastcc.com/scripts.js""></script>",,,
Master of Science in Health Informatics & Analytics,51.2706,"<!-- Health Informatics & Analytics -->
  <iframe onload=""initializeScripts('program-widget-a01d00', 'https://widget.lightcastcc.com')"" id=""program-widget-a01d00"" title=""uagc widget"" style=""border: 0; min-width: 100%; width: 1px"" src=""https://widget.lightcastcc.com?hasCareerList=true&hasEmployment=false&hasAllLocations=true&hasImages=false&hasJobOpenings=true&hasNationalData=false&hasOutlook=true&hasSkills=true&hasVisitButton=false&hasWages=true&isHourlyWage=false&labelSet=default&clientId=uagc&locationName=National&orderCareersBy=None&primaryColor=%23ab0520&programs=uagc033&visitButtonColor=%23FFAC23&headingText=Students%20who%20complete%20the%20UAGC%20%23Master%20of%20Science%20in%20Health%20Informatics%20%26%20Analytics%23%20program%20may%20pursue%20the%20following%20careers.""></iframe><script type=""text/javascript"" src=""https://widget.lightcastcc.com/scripts.js""></script>",,,
BS in Health Information Management,51.0706,"<!-- Health Information Management -->
  <iframe onload=""initializeScripts('program-widget-8e4f4c', 'https://widget.lightcastcc.com')"" id=""program-widget-8e4f4c"" title=""uagc widget"" style=""border: 0; min-width: 100%; width: 1px"" src=""https://widget.lightcastcc.com?hasCareerList=true&hasEmployment=false&hasAllLocations=true&hasImages=false&hasJobOpenings=true&hasNationalData=false&hasOutlook=true&hasSkills=true&hasVisitButton=false&hasWages=true&isHourlyWage=false&labelSet=default&clientId=uagc&locationName=National&orderCareersBy=None&primaryColor=%23ab0520&programs=uagc083&visitButtonColor=%23FFAC23&headingText=Students%20who%20complete%20the%20UAGC%20%23BS%20in%20Health%20Information%20Management%23%20program%20may%20pursue%20the%20following%20careers.""></iframe><script type=""text/javascript"" src=""https://widget.lightcastcc.com/scripts.js""></script>",,,
BA in Social and Criminal Justice,43.0104,"<!-- Social and Criminal Justice -->
  <iframe onload=""initializeScripts('program-widget-84cdd7', 'https://widget.lightcastcc.com')"" id=""program-widget-84cdd7"" title=""uagc widget"" style=""border: 0; min-width: 100%; width: 1px"" src=""https://widget.lightcastcc.com?hasCareerList=true&hasEmployment=false&hasAllLocations=true&hasImages=false&hasJobOpenings=true&hasNationalData=false&hasOutlook=true&hasSkills=true&hasVisitButton=false&hasWages=true&isHourlyWage=false&labelSet=default&clientId=uagc&locationName=National&orderCareersBy=None&primaryColor=%23ab0520&programs=uagc084&visitButtonColor=%23FFAC23&headingText=Students%20who%20complete%20the%20UAGC%20%23BA%20in%20Social%20and%20Criminal%20Justice%23%20program%20may%20pursue%20the%20following%20careers.""></iframe><script type=""text/javascript"" src=""https://widget.lightcastcc.com/scripts.js""></script>",,,
Master of Arts in Health Care Administration,51.0701,"<!-- Health Care Administration -->
  <iframe onload=""initializeScripts('program-widget-9aebb3', 'https://widget.lightcastcc.com')"" id=""program-widget-9aebb3"" title=""uagc widget"" style=""border: 0; min-width: 100%; width: 1px"" src=""https://widget.lightcastcc.com?hasCareerList=true&hasEmployment=false&hasAllLocations=true&hasImages=false&hasJobOpenings=true&hasNationalData=false&hasOutlook=true&hasSkills=true&hasVisitButton=false&hasWages=true&isHourlyWage=false&labelSet=default&clientId=uagc&locationName=National&orderCareersBy=None&primaryColor=%23ab0520&programs=uagc102&visitButtonColor=%23FFAC23&headingText=Students%20who%20complete%20the%20UAGC%20%23Master%20of%20Arts%20in%20Health%20Care%20Administration%23%20program%20may%20pursue%20the%20following%20careers.""></iframe><script type=""text/javascript"" src=""https://widget.lightcastcc.com/scripts.js""></script>",,,
BA in Health Care Administration,51.0701,"<!-- Health Care Administration -->
  <iframe onload=""initializeScripts('program-widget-9aebb3', 'https://widget.lightcastcc.com')"" id=""program-widget-9aebb3"" title=""uagc widget"" style=""border: 0; min-width: 100%; width: 1px"" src=""https://widget.lightcastcc.com?hasCareerList=true&hasEmployment=false&hasAllLocations=true&hasImages=false&hasJobOpenings=true&hasNationalData=false&hasOutlook=true&hasSkills=true&hasVisitButton=false&hasWages=true&isHourlyWage=false&labelSet=default&clientId=uagc&locationName=National&orderCareersBy=None&primaryColor=%23ab0520&programs=uagc102&visitButtonColor=%23FFAC23&headingText=Students%20who%20complete%20the%20UAGC%20%23BA%20in%20Health%20Care%20Administration%23%20program%20may%20pursue%20the%20following%20careers.""></iframe><script type=""text/javascript"" src=""https://widget.lightcastcc.com/scripts.js""></script>",,,
Master of Public Health,52.2201,"<!-- Public Health -->
  <iframe onload=""initializeScripts('program-widget-81ef53', 'https://widget.lightcastcc.com')"" id=""program-widget-81ef53"" title=""uagc widget"" style=""border: 0; min-width: 100%; width: 1px"" src=""https://widget.lightcastcc.com?hasCareerList=true&hasEmployment=false&hasAllLocations=true&hasImages=false&hasJobOpenings=true&hasNationalData=false&hasOutlook=true&hasSkills=true&hasVisitButton=false&hasWages=true&isHourlyWage=false&labelSet=default&clientId=uagc&locationName=National&orderCareersBy=None&primaryColor=%23ab0520&programs=uagc087&visitButtonColor=%23FFAC23&headingText=Students%20who%20complete%20the%20UAGC%20%23Master%20of%20Public%20Health%23%20program%20may%20pursue%20the%20following%20careers.""></iframe><script type=""text/javascript"" src=""https://widget.lightcastcc.com/scripts.js""></script>",,,
Master of Science in Finance (III),52.0801,"<!-- Science in Finance (III) -->
  <iframe onload=""initializeScripts('program-widget-44cc13', 'https://widget.lightcastcc.com')"" id=""program-widget-44cc13"" title=""uagc widget"" style=""border: 0; min-width: 100%; width: 1px"" src=""https://widget.lightcastcc.com?hasCareerList=true&hasEmployment=false&hasAllLocations=true&hasImages=false&hasJobOpenings=true&hasNationalData=false&hasOutlook=true&hasSkills=true&hasVisitButton=false&hasWages=true&isHourlyWage=false&labelSet=default&clientId=uagc&locationName=National&orderCareersBy=None&primaryColor=%23ab0520&programs=uagc088&visitButtonColor=%23FFAC23&headingText=Students%20who%20complete%20the%20UAGC%20%23Master%20of%20Science%20in%20Finance%20%28III%29%23%20program%20may%20pursue%20the%20following%20careers.""></iframe><script type=""text/javascript"" src=""https://widget.lightcastcc.com/scripts.js""></script>",,,
Bachelor of Arts in Applied Behavorial Science,,"<!-- Applied Behavioral Science -->
  <iframe onload=""initializeScripts('program-widget-a05fd0', 'https://widget.lightcastcc.com')"" id=""program-widget-a05fd0"" title=""uagc widget"" style=""border: 0; min-width: 100%; width: 1px"" src=""https://widget.lightcastcc.com?hasCareerList=true&hasEmployment=false&hasAllLocations=true&hasImages=false&hasJobOpenings=true&hasNationalData=false&hasOutlook=true&hasSkills=true&hasVisitButton=false&hasWages=true&isHourlyWage=false&labelSet=default&clientId=uagc&locationName=National&orderCareersBy=None&primaryColor=%23ab0520&programs=uagc052&visitButtonColor=%23FFAC23&headingText=Students%20who%20complete%20the%20UAGC%20%23Bachelor%20of%20Arts%20in%20Applied%20Behavorial%20Science%23%20program%20may%20pursue%20the%20following%20careers.""></iframe><script type=""text/javascript"" src=""https://widget.lightcastcc.com/scripts.js""></script>",,x,
BA in Accounting,52.0301,"<!-- Accounting -->
  <iframe onload=""initializeScripts('program-widget-5cd20a', 'https://widget.lightcastcc.com')"" id=""program-widget-5cd20a"" title=""uagc widget"" style=""border: 0; min-width: 100%; width: 1px"" src=""https://widget.lightcastcc.com?hasCareerList=true&hasEmployment=false&hasAllLocations=true&hasImages=false&hasJobOpenings=true&hasNationalData=false&hasOutlook=true&hasSkills=true&hasVisitButton=false&hasWages=true&isHourlyWage=false&labelSet=default&clientId=uagc&locationName=National&orderCareersBy=None&primaryColor=%23ab0520&programs=uagc090&visitButtonColor=%23FFAC23&headingText=Students%20who%20complete%20the%20UAGC%20%23Accounting%23%20program%20may%20pursue%20the%20following%20careers%3A""></iframe><script type=""text/javascript"" src=""https://widget.lightcastcc.com/scripts.js""></script>",,x,
Master of Information Systems Management,52.1201,"<!-- Master of Information Systems Management (MISM) -->
  <iframe onload=""initializeScripts('program-widget-02aec1', 'https://widget.lightcastcc.com')"" id=""program-widget-02aec1"" title=""uagc widget"" style=""border: 0; min-width: 100%; width: 1px"" src=""https://widget.lightcastcc.com?hasCareerList=true&hasEmployment=false&hasAllLocations=true&hasImages=false&hasJobOpenings=true&hasNationalData=false&hasOutlook=true&hasSkills=true&hasVisitButton=false&hasWages=true&isHourlyWage=false&labelSet=default&clientId=uagc&locationName=National&orderCareersBy=None&primaryColor=%23ab0520&programs=uagc041&visitButtonColor=%23FFAC23&headingText=Students%20who%20complete%20the%20UAGC%20%23Master%20of%20Information%20Systems%20Management%23%20program%20may%20pursue%20the%20following%20careers.""></iframe><script type=""text/javascript"" src=""https://widget.lightcastcc.com/scripts.js""></script>",,,
BA in Instructional Design,13.0501,"<!-- Instructional Design -->
  <iframe onload=""initializeScripts('program-widget-481281', 'https://widget.lightcastcc.com')"" id=""program-widget-481281"" title=""uagc widget"" style=""border: 0; min-width: 100%; width: 1px"" src=""https://widget.lightcastcc.com?hasCareerList=true&hasEmployment=false&hasAllLocations=true&hasImages=false&hasJobOpenings=true&hasNationalData=false&hasOutlook=true&hasSkills=true&hasVisitButton=false&hasWages=true&isHourlyWage=false&labelSet=default&clientId=uagc&locationName=National&orderCareersBy=None&primaryColor=%23ab0520&programs=uagc092&visitButtonColor=%23FFAC23&headingText=Students%20who%20complete%20the%20UAGC%20%23BA%20in%20Instructional%20Design%23%20program%20may%20pursue%20the%20following%20careers.""></iframe><script type=""text/javascript"" src=""https://widget.lightcastcc.com/scripts.js""></script>",,,
Master of Business Administration,52.0201,"<!-- Business Administration -->
  <iframe onload=""initializeScripts('program-widget-746d5e', 'https://widget.lightcastcc.com')"" id=""program-widget-746d5e"" title=""uagc widget"" style=""border: 0; min-width: 100%; width: 1px"" src=""https://widget.lightcastcc.com?hasCareerList=true&hasEmployment=false&hasAllLocations=true&hasImages=false&hasJobOpenings=true&hasNationalData=false&hasOutlook=true&hasSkills=true&hasVisitButton=false&hasWages=true&isHourlyWage=false&labelSet=default&clientId=uagc&locationName=National&orderCareersBy=None&primaryColor=%23ab0520&programs=uagc093&visitButtonColor=%23FFAC23&headingText=Students%20who%20complete%20the%20UAGC%20%23Master%20of%20Business%20Administration%23%20program%20may%20pursue%20the%20following%20careers.""></iframe><script type=""text/javascript"" src=""https://widget.lightcastcc.com/scripts.js""></script>",,,
BA in Project Management,52.0211,"<!-- Project Management -->
  <iframe onload=""initializeScripts('program-widget-99543f', 'https://widget.lightcastcc.com')"" id=""program-widget-99543f"" title=""uagc widget"" style=""border: 0; min-width: 100%; width: 1px"" src=""https://widget.lightcastcc.com?hasCareerList=true&hasEmployment=false&hasAllLocations=true&hasImages=false&hasJobOpenings=true&hasNationalData=false&hasOutlook=true&hasSkills=true&hasVisitButton=false&hasWages=true&isHourlyWage=false&labelSet=default&clientId=uagc&locationName=National&orderCareersBy=None&primaryColor=%23ab0520&programs=uagc094&visitButtonColor=%23FFAC23&headingText=Students%20who%20complete%20the%20UAGC%20%23BA%20in%20Project%20Management%23%20program%20may%20pursue%20the%20following%20careers.""></iframe><script type=""text/javascript"" src=""https://widget.lightcastcc.com/scripts.js""></script>",,,
BA in Business Information Systems,52.1201,"<!-- Business Information Systems -->
  <iframe onload=""initializeScripts('program-widget-02bc6f', 'https://widget.lightcastcc.com')"" id=""program-widget-02bc6f"" title=""uagc widget"" style=""border: 0; min-width: 100%; width: 1px"" src=""https://widget.lightcastcc.com?hasCareerList=true&hasEmployment=false&hasAllLocations=true&hasImages=false&hasJobOpenings=true&hasNationalData=false&hasOutlook=true&hasSkills=true&hasVisitButton=false&hasWages=true&isHourlyWage=false&labelSet=default&clientId=uagc&locationName=National&orderCareersBy=None&primaryColor=%23ab0520&programs=uagc095&visitButtonColor=%23FFAC23&headingText=Students%20who%20complete%20the%20UAGC%20%23BA%20in%20Business%20Information%20Systems%23%20program%20may%20pursue%20the%20following%20careers.""></iframe><script type=""text/javascript"" src=""https://widget.lightcastcc.com/scripts.js""></script>",,,
BS in Information Technology,11.0103,"<!-- Information Technology -->
  <iframe onload=""initializeScripts('program-widget-37d161', 'https://widget.lightcastcc.com')"" id=""program-widget-37d161"" title=""uagc widget"" style=""border: 0; min-width: 100%; width: 1px"" src=""https://widget.lightcastcc.com?hasCareerList=true&hasEmployment=false&hasAllLocations=true&hasImages=false&hasJobOpenings=true&hasNationalData=false&hasOutlook=true&hasSkills=true&hasVisitButton=false&hasWages=true&isHourlyWage=false&labelSet=default&clientId=uagc&locationName=National&orderCareersBy=None&primaryColor=%23ab0520&programs=uagc096&visitButtonColor=%23FFAC23&headingText=Students%20who%20complete%20the%20UAGC%20%23BS%20in%20Information%20Technology%23%20program%20may%20pursue%20the%20following%20careers.""></iframe><script type=""text/javascript"" src=""https://widget.lightcastcc.com/scripts.js""></script>",,,
BA in Finance,52.0801,"<!-- Finance -->
  <iframe onload=""initializeScripts('program-widget-9ef985', 'https://widget.lightcastcc.com')"" id=""program-widget-9ef985"" title=""uagc widget"" style=""border: 0; min-width: 100%; width: 1px"" src=""https://widget.lightcastcc.com?hasCareerList=true&hasEmployment=false&hasAllLocations=true&hasImages=false&hasJobOpenings=true&hasNationalData=false&hasOutlook=true&hasSkills=true&hasVisitButton=false&hasWages=true&isHourlyWage=false&labelSet=default&clientId=uagc&locationName=National&orderCareersBy=None&primaryColor=%23ab0520&programs=uagc097&visitButtonColor=%23FFAC23&headingText=Students%20who%20complete%20the%20UAGC%20%23BA%20in%20Finance%23%20program%20may%20pursue%20the%20following%20careers.""></iframe><script type=""text/javascript"" src=""https://widget.lightcastcc.com/scripts.js""></script>",,,
BS in Nursing (RN to BSN),51.3801,"<!-- Nursing (RN to BSN) -->
  <iframe onload=""initializeScripts('program-widget-d3b4de', 'https://widget.lightcastcc.com')"" id=""program-widget-d3b4de"" title=""uagc widget"" style=""border: 0; min-width: 100%; width: 1px"" src=""https://widget.lightcastcc.com?hasCareerList=true&hasEmployment=false&hasAllLocations=true&hasImages=false&hasJobOpenings=true&hasNationalData=false&hasOutlook=true&hasSkills=true&hasVisitButton=false&hasWages=true&isHourlyWage=false&labelSet=default&clientId=uagc&locationName=National&orderCareersBy=None&primaryColor=%23ab0520&programs=uagc098&visitButtonColor=%23FFAC23&headingText=Students%20who%20complete%20the%20UAGC%20%23BS%20in%20Nursing%20%28RN%20to%20BSN%29%23%20program%20may%20pursue%20the%20following%20careers.""></iframe><script type=""text/javascript"" src=""https://widget.lightcastcc.com/scripts.js""></script>",,,
BA in Human Resources Management,52.1001,"<!-- Human Resources Management -->
  <iframe onload=""initializeScripts('program-widget-a6e888', 'https://widget.lightcastcc.com')"" id=""program-widget-a6e888"" title=""uagc widget"" style=""border: 0; min-width: 100%; width: 1px"" src=""https://widget.lightcastcc.com?hasCareerList=true&hasEmployment=false&hasAllLocations=true&hasImages=false&hasJobOpenings=true&hasNationalData=false&hasOutlook=true&hasSkills=true&hasVisitButton=false&hasWages=true&isHourlyWage=false&labelSet=default&clientId=uagc&locationName=National&orderCareersBy=None&primaryColor=%23ab0520&programs=uagc099&visitButtonColor=%23FFAC23&headingText=Students%20who%20complete%20the%20UAGC%20%23BA%20in%20Human%20Resources%20Management%23%20program%20may%20pursue%20the%20following%20careers.""></iframe><script type=""text/javascript"" src=""https://widget.lightcastcc.com/scripts.js""></script>",,,
BS in Cyber & Data Security Technology,11.1003,"<!-- Cyber & Data Security Technology -->
  <iframe onload=""initializeScripts('program-widget-d9fba4', 'https://widget.lightcastcc.com')"" id=""program-widget-d9fba4"" title=""uagc widget"" style=""border: 0; min-width: 100%; width: 1px"" src=""https://widget.lightcastcc.com?hasCareerList=true&hasEmployment=false&hasAllLocations=true&hasImages=false&hasJobOpenings=true&hasNationalData=false&hasOutlook=true&hasSkills=true&hasVisitButton=false&hasWages=true&isHourlyWage=false&labelSet=default&clientId=uagc&locationName=National&orderCareersBy=None&primaryColor=%23ab0520&programs=uagc100&visitButtonColor=%23FFAC23&headingText=Students%20who%20complete%20the%20UAGC%20%23BS%20in%20Cyber%20%26%20Data%20Security%20Technology%23%20program%20may%20pursue%20the%20following%20careers.""></iframe><script type=""text/javascript"" src=""https://widget.lightcastcc.com/scripts.js""></script>",,,
Master of Science in Instructional Design & Technology,13.0501,"<!-- Instructional Design & Technology -->
  <iframe onload=""initializeScripts('program-widget-09929d', 'https://widget.lightcastcc.com')"" id=""program-widget-09929d"" title=""uagc widget"" style=""border: 0; min-width: 100%; width: 1px"" src=""https://widget.lightcastcc.com?hasCareerList=true&hasEmployment=false&hasAllLocations=true&hasImages=false&hasJobOpenings=true&hasNationalData=false&hasOutlook=true&hasSkills=true&hasVisitButton=false&hasWages=true&isHourlyWage=false&labelSet=default&clientId=uagc&locationName=National&orderCareersBy=None&primaryColor=%23ab0520&programs=uagc022&visitButtonColor=%23FFAC23&headingText=Students%20who%20complete%20the%20UAGC%20%23Master%20of%20Science%20in%20Instructional%20Design%20%26%20Technology%23%20program%20may%20pursue%20the%20following%20careers.""></iframe><script type=""text/javascript"" src=""https://widget.lightcastcc.com/scripts.js""></script>",,,
Master of Arts in Health Care Administration,51.0701,"<!-- Health Care Administration -->
  <iframe onload=""initializeScripts('program-widget-9aebb3', 'https://widget.lightcastcc.com')"" id=""program-widget-9aebb3"" title=""uagc widget"" style=""border: 0; min-width: 100%; width: 1px"" src=""https://widget.lightcastcc.com?hasCareerList=true&hasEmployment=false&hasAllLocations=true&hasImages=false&hasJobOpenings=true&hasNationalData=false&hasOutlook=true&hasSkills=true&hasVisitButton=false&hasWages=true&isHourlyWage=false&labelSet=default&clientId=uagc&locationName=National&orderCareersBy=None&primaryColor=%23ab0520&programs=uagc102&visitButtonColor=%23FFAC23&headingText=Students%20who%20complete%20the%20UAGC%20%23Master%20of%20Arts%20in%20Health%20Care%20Administration%23%20program%20may%20pursue%20the%20following%20careers.""></iframe><script type=""text/javascript"" src=""https://widget.lightcastcc.com/scripts.js""></script>",,,
Master of Science in Technology Management,52.021,"<!-- Science in Technology Management -->
  <iframe onload=""initializeScripts('program-widget-d02884', 'https://widget.lightcastcc.com')"" id=""program-widget-d02884"" title=""uagc widget"" style=""border: 0; min-width: 100%; width: 1px"" src=""https://widget.lightcastcc.com?hasCareerList=true&hasEmployment=false&hasAllLocations=true&hasImages=false&hasJobOpenings=true&hasNationalData=false&hasOutlook=true&hasSkills=true&hasVisitButton=false&hasWages=true&isHourlyWage=false&labelSet=default&clientId=uagc&locationName=National&orderCareersBy=None&primaryColor=%23ab0520&programs=uagc103&visitButtonColor=%23FFAC23&headingText=Students%20who%20complete%20the%20UAGC%20%23Master%20of%20Science%20in%20Technology%20Management%23%20program%20may%20pursue%20the%20following%20careers.""></iframe><script type=""text/javascript"" src=""https://widget.lightcastcc.com/scripts.js""></script>",,,
BA in Business Administration,52.0201,"<!-- Business Administration -->
  <iframe onload=""initializeScripts('program-widget-d9327b', 'https://widget.lightcastcc.com')"" id=""program-widget-d9327b"" title=""uagc widget"" style=""border: 0; min-width: 100%; width: 1px"" src=""https://widget.lightcastcc.com?hasCareerList=true&hasEmployment=false&hasAllLocations=true&hasImages=false&hasJobOpenings=true&hasNationalData=false&hasOutlook=true&hasSkills=true&hasVisitButton=false&hasWages=true&isHourlyWage=false&labelSet=default&clientId=uagc&locationName=National&orderCareersBy=None&primaryColor=%23ab0520&programs=uagc104&visitButtonColor=%23FFAC23&headingText=Students%20who%20complete%20the%20UAGC%20%23BA%20in%20Business%20Administration%23%20program%20may%20pursue%20the%20following%20careers.""></iframe><script type=""text/javascript"" src=""https://widget.lightcastcc.com/scripts.js""></script>",,,
Master of Human Resources Management,52.1001,"<!-- Human Resource Management -->
  <iframe onload=""initializeScripts('program-widget-cb8fa4', 'https://widget.lightcastcc.com')"" id=""program-widget-cb8fa4"" title=""uagc widget"" style=""border: 0; min-width: 100%; width: 1px"" src=""https://widget.lightcastcc.com?hasCareerList=true&hasEmployment=false&hasAllLocations=true&hasImages=false&hasJobOpenings=true&hasNationalData=false&hasOutlook=true&hasSkills=true&hasVisitButton=false&hasWages=true&isHourlyWage=false&labelSet=default&clientId=uagc&locationName=National&orderCareersBy=None&primaryColor=%23ab0520&programs=uagc002&visitButtonColor=%23FFAC23&headingText=Students%20who%20complete%20the%20UAGC%20%23Master%20of%20Human%20Resources%20Management%23%20program%20may%20pursue%20the%20following%20careers.""></iframe><script type=""text/javascript"" src=""https://widget.lightcastcc.com/scripts.js""></script>",,,
Master of Science in Nursing,,"<!-- Science in Nursing -->
  <iframe onload=""initializeScripts('program-widget-bd70aa', 'https://widget.lightcastcc.com')"" id=""program-widget-bd70aa"" title=""uagc widget"" style=""border: 0; min-width: 100%; width: 1px"" src=""https://widget.lightcastcc.com?hasCareerList=true&hasEmployment=false&hasAllLocations=true&hasImages=false&hasJobOpenings=true&hasNationalData=false&hasOutlook=true&hasSkills=true&hasVisitButton=false&hasWages=true&isHourlyWage=false&labelSet=default&clientId=uagc&locationName=National&orderCareersBy=None&primaryColor=%23ab0520&programs=uagc106&visitButtonColor=%23FFAC23&headingText=Students%20who%20complete%20the%20UAGC%20%23Master%20of%20Science%20in%20Nursing%23%20program%20may%20pursue%20the%20following%20careers.""></iframe><script type=""text/javascript"" src=""https://widget.lightcastcc.com/scripts.js""></script>",,,
Post Bacc Teaching Cert - Elementary Education,13.1202,"<!-- Post Baccalaureate Teaching Certificate -->
  <iframe onload=""initializeScripts('program-widget-aaf6ee', 'https://widget.lightcastcc.com')"" id=""program-widget-aaf6ee"" title=""uagc widget"" style=""border: 0; min-width: 100%; width: 1px"" src=""https://widget.lightcastcc.com?hasCareerList=true&hasEmployment=false&hasAllLocations=true&hasImages=false&hasJobOpenings=true&hasNationalData=false&hasOutlook=true&hasSkills=true&hasVisitButton=false&hasWages=true&isHourlyWage=false&labelSet=default&clientId=uagc&locationName=National&orderCareersBy=None&primaryColor=%23ab0520&programs=uagc020&visitButtonColor=%23FFAC23&headingText=Students%20who%20complete%20the%20UAGC%20%23Post%20Bacc%20Teaching%20Cert%20-%20Elementary%20Education%23%20program%20may%20pursue%20the%20following%20careers.""></iframe><script type=""text/javascript"" src=""https://widget.lightcastcc.com/scripts.js""></script>",,,
Post Bacc Teaching Cert - Elementary Education,13.1205,,,,
"Arts in Applied Behavorial Science, Bachelor",,"<!-- Arts in Applied Behavorial Science -->
  <iframe onload=""initializeScripts('program-widget-412700', 'https://widget.lightcastcc.com')"" id=""program-widget-412700"" title=""uagc widget"" style=""border: 0; min-width: 100%; width: 1px"" src=""https://widget.lightcastcc.com?hasCareerList=true&hasEmployment=false&hasAllLocations=true&hasImages=false&hasJobOpenings=true&hasNationalData=false&hasOutlook=true&hasSkills=true&hasVisitButton=false&hasWages=true&isHourlyWage=false&labelSet=default&clientId=uagc&locationName=National&orderCareersBy=None&primaryColor=%23ab0520&programs=uagc089&visitButtonColor=%23FFAC23&headingText=Students%20who%20complete%20the%20UAGC%20%23Arts%20in%20Applied%20Behavorial%20Science%2C%20Bachelor%23%20program%20may%20pursue%20the%20following%20careers.""></iframe><script type=""text/javascript"" src=""https://widget.lightcastcc.com/scripts.js""></script>",,,
"Arts in Early Childhood Education Leadership, Master",,"<!-- Arts in Early Childhood Education Leadership -->
  <iframe onload=""initializeScripts('program-widget-fbe9bf', 'https://widget.lightcastcc.com')"" id=""program-widget-fbe9bf"" title=""uagc widget"" style=""border: 0; min-width: 100%; width: 1px"" src=""https://widget.lightcastcc.com?hasCareerList=true&hasEmployment=false&hasAllLocations=true&hasImages=false&hasJobOpenings=true&hasNationalData=false&hasOutlook=true&hasSkills=true&hasVisitButton=false&hasWages=true&isHourlyWage=false&labelSet=default&clientId=uagc&locationName=National&orderCareersBy=None&primaryColor=%23ab0520&programs=uagc074&visitButtonColor=%23FFAC23&headingText=Students%20who%20complete%20the%20UAGC%20%23Arts%20in%20Early%20Childhood%20Education%20Leadership%2C%20Master%23%20program%20may%20pursue%20the%20following%20careers.""></iframe><script type=""text/javascript"" src=""https://widget.lightcastcc.com/scripts.js""></script>",,,
"Arts in Education, Master",,"<!-- Arts in Education -->
  <iframe onload=""initializeScripts('program-widget-ec49d3', 'https://widget.lightcastcc.com')"" id=""program-widget-ec49d3"" title=""uagc widget"" style=""border: 0; min-width: 100%; width: 1px"" src=""https://widget.lightcastcc.com?hasCareerList=true&hasEmployment=false&hasAllLocations=true&hasImages=false&hasJobOpenings=true&hasNationalData=false&hasOutlook=true&hasSkills=true&hasVisitButton=false&hasWages=true&isHourlyWage=false&labelSet=default&clientId=uagc&locationName=National&orderCareersBy=None&primaryColor=%23ab0520&programs=uagc073&visitButtonColor=%23FFAC23&headingText=Students%20who%20complete%20the%20UAGC%20%23Arts%20in%20Education%2C%20Master%23%20program%20may%20pursue%20the%20following%20careers.""></iframe><script type=""text/javascript"" src=""https://widget.lightcastcc.com/scripts.js""></script>",,,
"Arts in Human Services, Master",,"<!-- Arts in Human Services -->
  <iframe onload=""initializeScripts('program-widget-c6bd93', 'https://widget.lightcastcc.com')"" id=""program-widget-c6bd93"" title=""uagc widget"" style=""border: 0; min-width: 100%; width: 1px"" src=""https://widget.lightcastcc.com?hasCareerList=true&hasEmployment=false&hasAllLocations=true&hasImages=false&hasJobOpenings=true&hasNationalData=false&hasOutlook=true&hasSkills=true&hasVisitButton=false&hasWages=true&isHourlyWage=false&labelSet=default&clientId=uagc&locationName=National&orderCareersBy=None&primaryColor=%23ab0520&programs=uagc061&visitButtonColor=%23FFAC23&headingText=Students%20who%20complete%20the%20UAGC%20%23Arts%20in%20Human%20Services%2C%20Master%23%20program%20may%20pursue%20the%20following%20careers.""></iframe><script type=""text/javascript"" src=""https://widget.lightcastcc.com/scripts.js""></script>",,,
"Arts in Organizational Management, Master",,"<!-- Arts in Organizational Management -->
  <iframe onload=""initializeScripts('program-widget-a6b1ee', 'https://widget.lightcastcc.com')"" id=""program-widget-a6b1ee"" title=""uagc widget"" style=""border: 0; min-width: 100%; width: 1px"" src=""https://widget.lightcastcc.com?hasCareerList=true&hasEmployment=false&hasAllLocations=true&hasImages=false&hasJobOpenings=true&hasNationalData=false&hasOutlook=true&hasSkills=true&hasVisitButton=false&hasWages=true&isHourlyWage=false&labelSet=default&clientId=uagc&locationName=National&orderCareersBy=None&primaryColor=%23ab0520&programs=uagc076&visitButtonColor=%23FFAC23&headingText=Students%20who%20complete%20the%20UAGC%20%23Arts%20in%20Organizational%20Management%2C%20Master%23%20program%20may%20pursue%20the%20following%20careers.""></iframe><script type=""text/javascript"" src=""https://widget.lightcastcc.com/scripts.js""></script>",,,
"Arts in Psychology, Master",,"<!-- Arts in Psychology -->
  <iframe onload=""initializeScripts('program-widget-5af854', 'https://widget.lightcastcc.com')"" id=""program-widget-5af854"" title=""uagc widget"" style=""border: 0; min-width: 100%; width: 1px"" src=""https://widget.lightcastcc.com?hasCareerList=true&hasEmployment=false&hasAllLocations=true&hasImages=false&hasJobOpenings=true&hasNationalData=false&hasOutlook=true&hasSkills=true&hasVisitButton=false&hasWages=true&isHourlyWage=false&labelSet=default&clientId=uagc&locationName=National&orderCareersBy=None&primaryColor=%23ab0520&programs=uagc062&visitButtonColor=%23FFAC23&headingText=Students%20who%20complete%20the%20UAGC%20%23Arts%20in%20Psychology%2C%20Master%23%20program%20may%20pursue%20the%20following%20careers.""></iframe><script type=""text/javascript"" src=""https://widget.lightcastcc.com/scripts.js""></script>",,,
"Arts in Special Education, Master",,"<!-- Arts in Special Education -->
  <iframe onload=""initializeScripts('program-widget-620e1e', 'https://widget.lightcastcc.com')"" id=""program-widget-620e1e"" title=""uagc widget"" style=""border: 0; min-width: 100%; width: 1px"" src=""https://widget.lightcastcc.com?hasCareerList=true&hasEmployment=false&hasAllLocations=true&hasImages=false&hasJobOpenings=true&hasNationalData=false&hasOutlook=true&hasSkills=true&hasVisitButton=false&hasWages=true&isHourlyWage=false&labelSet=default&clientId=uagc&locationName=National&orderCareersBy=None&primaryColor=%23ab0520&programs=uagc080&visitButtonColor=%23FFAC23&headingText=Students%20who%20complete%20the%20UAGC%20%23Arts%20in%20Special%20Education%2C%20Master%23%20program%20may%20pursue%20the%20following%20careers.""></iframe><script type=""text/javascript"" src=""https://widget.lightcastcc.com/scripts.js""></script>",,,
"Business, AA",,"<!-- Business -->
  <iframe onload=""initializeScripts('program-widget-662eb3', 'https://widget.lightcastcc.com')"" id=""program-widget-662eb3"" title=""uagc widget"" style=""border: 0; min-width: 100%; width: 1px"" src=""https://widget.lightcastcc.com?hasCareerList=true&hasEmployment=false&hasAllLocations=true&hasImages=false&hasJobOpenings=true&hasNationalData=false&hasOutlook=true&hasSkills=true&hasVisitButton=false&hasWages=true&isHourlyWage=false&labelSet=default&clientId=uagc&locationName=National&orderCareersBy=None&primaryColor=%23ab0520&programs=uagc016&visitButtonColor=%23FFAC23&headingText=Students%20who%20complete%20the%20UAGC%20%23Business%2C%20AA%23%20program%20may%20pursue%20the%20following%20careers.""></iframe><script type=""text/javascript"" src=""https://widget.lightcastcc.com/scripts.js""></script>",,,
"Economics, BA",,"<!-- Economics -->
  <iframe onload=""initializeScripts('program-widget-41fc52', 'https://widget.lightcastcc.com')"" id=""program-widget-41fc52"" title=""uagc widget"" style=""border: 0; min-width: 100%; width: 1px"" src=""https://widget.lightcastcc.com?hasCareerList=true&hasEmployment=false&hasAllLocations=true&hasImages=false&hasJobOpenings=true&hasNationalData=false&hasOutlook=true&hasSkills=true&hasVisitButton=false&hasWages=true&isHourlyWage=false&labelSet=default&clientId=uagc&locationName=National&orderCareersBy=None&primaryColor=%23ab0520&programs=uagc108&visitButtonColor=%23FFAC23&headingText=Students%20who%20complete%20the%20UAGC%20%23Economics%2C%20BA%23%20program%20may%20pursue%20the%20following%20careers.""></iframe><script type=""text/javascript"" src=""https://widget.lightcastcc.com/scripts.js""></script>",,,
"Finance, MS",,"<!-- Finance -->
  <iframe onload=""initializeScripts('program-widget-6a5db4', 'https://widget.lightcastcc.com')"" id=""program-widget-6a5db4"" title=""uagc widget"" style=""border: 0; min-width: 100%; width: 1px"" src=""https://widget.lightcastcc.com?hasCareerList=true&hasEmployment=false&hasAllLocations=true&hasImages=false&hasJobOpenings=true&hasNationalData=false&hasOutlook=true&hasSkills=true&hasVisitButton=false&hasWages=true&isHourlyWage=false&labelSet=default&clientId=uagc&locationName=National&orderCareersBy=None&primaryColor=%23ab0520&programs=uagc001&visitButtonColor=%23FFAC23&headingText=Students%20who%20complete%20the%20UAGC%20%23Finance%2C%20MS%23%20program%20may%20pursue%20the%20following%20careers.""></iframe><script type=""text/javascript"" src=""https://widget.lightcastcc.com/scripts.js""></script>",,,
"Human Resources Management, Master",,"<!-- Human Resources Management -->
  <iframe onload=""initializeScripts('program-widget-3d6c56', 'https://widget.lightcastcc.com')"" id=""program-widget-3d6c56"" title=""uagc widget"" style=""border: 0; min-width: 100%; width: 1px"" src=""https://widget.lightcastcc.com?hasCareerList=true&hasEmployment=false&hasAllLocations=true&hasImages=false&hasJobOpenings=true&hasNationalData=false&hasOutlook=true&hasSkills=true&hasVisitButton=false&hasWages=true&isHourlyWage=false&labelSet=default&clientId=uagc&locationName=National&orderCareersBy=None&primaryColor=%23ab0520&programs=uagc105&visitButtonColor=%23FFAC23&headingText=Students%20who%20complete%20the%20UAGC%20%23Human%20Resources%20Management%2C%20Master%23%20program%20may%20pursue%20the%20following%20careers.""></iframe><script type=""text/javascript"" src=""https://widget.lightcastcc.com/scripts.js""></script>",,,
"Master of Business Administration, MBA",,"<!-- Master of Business Administration -->
  <iframe onload=""initializeScripts('program-widget-5ff795', 'https://widget.lightcastcc.com')"" id=""program-widget-5ff795"" title=""uagc widget"" style=""border: 0; min-width: 100%; width: 1px"" src=""https://widget.lightcastcc.com?hasCareerList=true&hasEmployment=false&hasAllLocations=true&hasImages=false&hasJobOpenings=true&hasNationalData=false&hasOutlook=true&hasSkills=true&hasVisitButton=false&hasWages=true&isHourlyWage=false&labelSet=default&clientId=uagc&locationName=National&orderCareersBy=None&primaryColor=%23ab0520&programs=uagc003&visitButtonColor=%23FFAC23&headingText=Students%20who%20complete%20the%20UAGC%20%23Master%20of%20Business%20Administration%2C%20MBA%23%20program%20may%20pursue%20the%20following%20careers.""></iframe><script type=""text/javascript"" src=""https://widget.lightcastcc.com/scripts.js""></script>",,,
"Master of Information Systems Management (MISM), MISM",,"<!-- Master of Information Systems Management (MISM) -->
  <iframe onload=""initializeScripts('program-widget-c910e5', 'https://widget.lightcastcc.com')"" id=""program-widget-c910e5"" title=""uagc widget"" style=""border: 0; min-width: 100%; width: 1px"" src=""https://widget.lightcastcc.com?hasCareerList=true&hasEmployment=false&hasAllLocations=true&hasImages=false&hasJobOpenings=true&hasNationalData=false&hasOutlook=true&hasSkills=true&hasVisitButton=false&hasWages=true&isHourlyWage=false&labelSet=default&clientId=uagc&locationName=National&orderCareersBy=None&primaryColor=%23ab0520&programs=uagc041&visitButtonColor=%23FFAC23&headingText=Students%20who%20complete%20the%20UAGC%20%23Master%20of%20Information%20Systems%20Management%20%28MISM%29%2C%20MISM%23%20program%20may%20pursue%20the%20following%20careers.""></iframe><script type=""text/javascript"" src=""https://widget.lightcastcc.com/scripts.js""></script>",,,
"Master of Public Health (MPH), MPH",,"<!-- Master of Public Health (MPH) -->
  <iframe onload=""initializeScripts('program-widget-9d29ad', 'https://widget.lightcastcc.com')"" id=""program-widget-9d29ad"" title=""uagc widget"" style=""border: 0; min-width: 100%; width: 1px"" src=""https://widget.lightcastcc.com?hasCareerList=true&hasEmployment=false&hasAllLocations=true&hasImages=false&hasJobOpenings=true&hasNationalData=false&hasOutlook=true&hasSkills=true&hasVisitButton=false&hasWages=true&isHourlyWage=false&labelSet=default&clientId=uagc&locationName=National&orderCareersBy=None&primaryColor=%23ab0520&programs=uagc034&visitButtonColor=%23FFAC23&headingText=Students%20who%20complete%20the%20UAGC%20%23Master%20of%20Public%20Health%20%28MPH%29%2C%20MPH%23%20program%20may%20pursue%20the%20following%20careers.""></iframe><script type=""text/javascript"" src=""https://widget.lightcastcc.com/scripts.js""></script>",,,
"Military Studies, AA",,"<!-- Military Studies -->
  <iframe onload=""initializeScripts('program-widget-1fe474', 'https://widget.lightcastcc.com')"" id=""program-widget-1fe474"" title=""uagc widget"" style=""border: 0; min-width: 100%; width: 1px"" src=""https://widget.lightcastcc.com?hasCareerList=true&hasEmployment=false&hasAllLocations=true&hasImages=false&hasJobOpenings=true&hasNationalData=false&hasOutlook=true&hasSkills=true&hasVisitButton=false&hasWages=true&isHourlyWage=false&labelSet=default&clientId=uagc&locationName=National&orderCareersBy=None&primaryColor=%23ab0520&programs=uagc046&visitButtonColor=%23FFAC23&headingText=Students%20who%20complete%20the%20UAGC%20%23Military%20Studies%2C%20AA%23%20program%20may%20pursue%20the%20following%20careers.""></iframe><script type=""text/javascript"" src=""https://widget.lightcastcc.com/scripts.js""></script>",,,
"Online Early Childhood Education, AA",,"<!-- Online Early Childhood Education -->
  <iframe onload=""initializeScripts('program-widget-285dc8', 'https://widget.lightcastcc.com')"" id=""program-widget-285dc8"" title=""uagc widget"" style=""border: 0; min-width: 100%; width: 1px"" src=""https://widget.lightcastcc.com?hasCareerList=true&hasEmployment=false&hasAllLocations=true&hasImages=false&hasJobOpenings=true&hasNationalData=false&hasOutlook=true&hasSkills=true&hasVisitButton=false&hasWages=true&isHourlyWage=false&labelSet=default&clientId=uagc&locationName=National&orderCareersBy=None&primaryColor=%23ab0520&programs=uagc021&visitButtonColor=%23FFAC23&headingText=Students%20who%20complete%20the%20UAGC%20%23Online%20Early%20Childhood%20Education%2C%20AA%23%20program%20may%20pursue%20the%20following%20careers.""></iframe><script type=""text/javascript"" src=""https://widget.lightcastcc.com/scripts.js""></script>",,,
"Organizational Management, AA",,"<!-- Organizational Management -->
  <iframe onload=""initializeScripts('program-widget-92a732', 'https://widget.lightcastcc.com')"" id=""program-widget-92a732"" title=""uagc widget"" style=""border: 0; min-width: 100%; width: 1px"" src=""https://widget.lightcastcc.com?hasCareerList=true&hasEmployment=false&hasAllLocations=true&hasImages=false&hasJobOpenings=true&hasNationalData=false&hasOutlook=true&hasSkills=true&hasVisitButton=false&hasWages=true&isHourlyWage=false&labelSet=default&clientId=uagc&locationName=National&orderCareersBy=None&primaryColor=%23ab0520&programs=uagc015&visitButtonColor=%23FFAC23&headingText=Students%20who%20complete%20the%20UAGC%20%23Organizational%20Management%2C%20AA%23%20program%20may%20pursue%20the%20following%20careers.""></iframe><script type=""text/javascript"" src=""https://widget.lightcastcc.com/scripts.js""></script>",,,
"Science in Criminal Justice, Master",,"<!-- Science in Criminal Justice -->
  <iframe onload=""initializeScripts('program-widget-cfe5f3', 'https://widget.lightcastcc.com')"" id=""program-widget-cfe5f3"" title=""uagc widget"" style=""border: 0; min-width: 100%; width: 1px"" src=""https://widget.lightcastcc.com?hasCareerList=true&hasEmployment=false&hasAllLocations=true&hasImages=false&hasJobOpenings=true&hasNationalData=false&hasOutlook=true&hasSkills=true&hasVisitButton=false&hasWages=true&isHourlyWage=false&labelSet=default&clientId=uagc&locationName=National&orderCareersBy=None&primaryColor=%23ab0520&programs=uagc063&visitButtonColor=%23FFAC23&headingText=Students%20who%20complete%20the%20UAGC%20%23Science%20in%20Criminal%20Justice%2C%20Master%23%20program%20may%20pursue%20the%20following%20careers.""></iframe><script type=""text/javascript"" src=""https://widget.lightcastcc.com/scripts.js""></script>",,,
"Science in Health Informatics & Analytics, Master",,"<!-- Science in Health Informatics & Analytics -->
  <iframe onload=""initializeScripts('program-widget-fa6a70', 'https://widget.lightcastcc.com')"" id=""program-widget-fa6a70"" title=""uagc widget"" style=""border: 0; min-width: 100%; width: 1px"" src=""https://widget.lightcastcc.com?hasCareerList=true&hasEmployment=false&hasAllLocations=true&hasImages=false&hasJobOpenings=true&hasNationalData=false&hasOutlook=true&hasSkills=true&hasVisitButton=false&hasWages=true&isHourlyWage=false&labelSet=default&clientId=uagc&locationName=National&orderCareersBy=None&primaryColor=%23ab0520&programs=uagc082&visitButtonColor=%23FFAC23&headingText=Students%20who%20complete%20the%20UAGC%20%23Science%20in%20Health%20Informatics%20%26%20Analytics%2C%20Master%23%20program%20may%20pursue%20the%20following%20careers.""></iframe><script type=""text/javascript"" src=""https://widget.lightcastcc.com/scripts.js""></script>",,,
"Science in Instructional Design & Technology, Master",,"<!-- Science in Instructional Design & Technology -->
  <iframe onload=""initializeScripts('program-widget-03be65', 'https://widget.lightcastcc.com')"" id=""program-widget-03be65"" title=""uagc widget"" style=""border: 0; min-width: 100%; width: 1px"" src=""https://widget.lightcastcc.com?hasCareerList=true&hasEmployment=false&hasAllLocations=true&hasImages=false&hasJobOpenings=true&hasNationalData=false&hasOutlook=true&hasSkills=true&hasVisitButton=false&hasWages=true&isHourlyWage=false&labelSet=default&clientId=uagc&locationName=National&orderCareersBy=None&primaryColor=%23ab0520&programs=uagc101&visitButtonColor=%23FFAC23&headingText=Students%20who%20complete%20the%20UAGC%20%23Science%20in%20Instructional%20Design%20%26%20Technology%2C%20Master%23%20program%20may%20pursue%20the%20following%20careers.""></iframe><script type=""text/javascript"" src=""https://widget.lightcastcc.com/scripts.js""></script>",,,
"Science in Technology Management, Master",,"<!-- Science in Technology Management -->
  <iframe onload=""initializeScripts('program-widget-e0f6bd', 'https://widget.lightcastcc.com')"" id=""program-widget-e0f6bd"" title=""uagc widget"" style=""border: 0; min-width: 100%; width: 1px"" src=""https://widget.lightcastcc.com?hasCareerList=true&hasEmployment=false&hasAllLocations=true&hasImages=false&hasJobOpenings=true&hasNationalData=false&hasOutlook=true&hasSkills=true&hasVisitButton=false&hasWages=true&isHourlyWage=false&labelSet=default&clientId=uagc&locationName=National&orderCareersBy=None&primaryColor=%23ab0520&programs=uagc103&visitButtonColor=%23FFAC23&headingText=Students%20who%20complete%20the%20UAGC%20%23Science%20in%20Technology%20Management%2C%20Master%23%20program%20may%20pursue%20the%20following%20careers.""></iframe><script type=""text/javascript"" src=""https://widget.lightcastcc.com/scripts.js""></script>",,,
"Social Science, BA",,"<!-- Social Science -->
  <iframe onload=""initializeScripts('program-widget-ae898b', 'https://widget.lightcastcc.com')"" id=""program-widget-ae898b"" title=""uagc widget"" style=""border: 0; min-width: 100%; width: 1px"" src=""https://widget.lightcastcc.com?hasCareerList=true&hasEmployment=false&hasAllLocations=true&hasImages=false&hasJobOpenings=true&hasNationalData=false&hasOutlook=true&hasSkills=true&hasVisitButton=false&hasWages=true&isHourlyWage=false&labelSet=default&clientId=uagc&locationName=National&orderCareersBy=None&primaryColor=%23ab0520&programs=uagc109&visitButtonColor=%23FFAC23&headingText=Students%20who%20complete%20the%20UAGC%20%23Social%20Science%2C%20BA%23%20program%20may%20pursue%20the%20following%20careers.""></iframe><script type=""text/javascript"" src=""https://widget.lightcastcc.com/scripts.js""></script>",,,
"Supply Chain, BA",,"<!-- Supply Chain -->
  <iframe onload=""initializeScripts('program-widget-d7f2d0', 'https://widget.lightcastcc.com')"" id=""program-widget-d7f2d0"" title=""uagc widget"" style=""border: 0; min-width: 100%; width: 1px"" src=""https://widget.lightcastcc.com?hasCareerList=true&hasEmployment=false&hasAllLocations=true&hasImages=false&hasJobOpenings=true&hasNationalData=false&hasOutlook=true&hasSkills=true&hasVisitButton=false&hasWages=true&isHourlyWage=false&labelSet=default&clientId=uagc&locationName=National&orderCareersBy=None&primaryColor=%23ab0520&programs=uagc110&visitButtonColor=%23FFAC23&headingText=Students%20who%20complete%20the%20UAGC%20%23Supply%20Chain%2C%20BA%23%20program%20may%20pursue%20the%20following%20careers.""></iframe><script type=""text/javascript"" src=""https://widget.lightcastcc.com/scripts.js""></script>",,,
